Metal,Compound,Type
Ti,TiN,Nitride
Ti,Ti2N,Nitride
Ti,Ti3N2,Nitride
Ti,TiS,Sulfide
Ti,TiS2,Sulfide
Ti,Ti2S3,Sulfide
Ti,TiO,Oxide
Ti,Ti2O3,Oxide
Ti,TiO2,Oxide
Ti,Ti3O4,Oxide
V,VN,Nitride
V,V2N,Nitride
V,V3N2,Nitride
V,VS,Sulfide
V,VS2,Sulfide
V,V2S3,Sulfide
V,VO,Oxide
V,V2O3,Oxide
V,VO2,Oxide
V,V3O4,Oxide
Cr,CrN,Nitride
Cr,Cr2N,Nitride
Cr,Cr3N2,Nitride
Cr,CrS,Sulfide
Cr,CrS2,Sulfide
Cr,Cr2S3,Sulfide
Cr,CrO,Oxide
Cr,Cr2O3,Oxide
Cr,CrO2,Oxide
Cr,Cr3O4,Oxide
Mn,MnN,Nitride
Mn,Mn2N,Nitride
Mn,Mn3N2,Nitride
Mn,MnS,Sulfide
Mn,MnS2,Sulfide
Mn,Mn2S3,Sulfide
Mn,MnO,Oxide
Mn,Mn2O3,Oxide
Mn,MnO2,Oxide
Mn,Mn3O4,Oxide
Fe,FeN,Nitride
Fe,Fe2N,Nitride
Fe,Fe3N2,Nitride
Fe,FeS,Sulfide
Fe,FeS2,Sulfide
Fe,Fe2S3,Sulfide
Fe,FeO,Oxide
Fe,Fe2O3,Oxide
Fe,FeO2,Oxide
Fe,Fe3O4,Oxide
Co,CoN,Nitride
Co,Co2N,Nitride
Co,Co3N2,Nitride
Co,CoS,Sulfide
Co,CoS2,Sulfide
Co,Co2S3,Sulfide
Co,CoO,Oxide
Co,Co2O3,Oxide
Co,CoO2,Oxide
Co,Co3O4,Oxide
Ni,NiN,Nitride
Ni,Ni2N,Nitride
Ni,Ni3N2,Nitride
Ni,NiS,Sulfide
Ni,NiS2,Sulfide
Ni,Ni2S3,Sulfide
Ni,NiO,Oxide
Ni,Ni2O3,Oxide
Ni,NiO2,Oxide
Ni,Ni3O4,Oxide
Cu,CuN,Nitride
Cu,Cu2N,Nitride
Cu,Cu3N2,Nitride
Cu,CuS,Sulfide
Cu,CuS2,Sulfide
Cu,Cu2S3,Sulfide
Cu,CuO,Oxide
Cu,Cu2O3,Oxide
Cu,CuO2,Oxide
Cu,Cu3O4,Oxide
Zn,ZnN,Nitride
Zn,Zn2N,Nitride
Zn,Zn3N2,Nitride
Zn,ZnS,Sulfide
Zn,ZnS2,Sulfide
Zn,Zn2S3,Sulfide
Zn,ZnO,Oxide
Zn,Zn2O3,Oxide
Zn,ZnO2,Oxide
Zn,Zn3O4,Oxide
Zr,ZrN,Nitride
Zr,Zr2N,Nitride
Zr,Zr3N2,Nitride
Zr,ZrS,Sulfide
Zr,ZrS2,Sulfide
Zr,Zr2S3,Sulfide
Zr,ZrO,Oxide
Zr,Zr2O3,Oxide
Zr,ZrO2,Oxide
Zr,Zr3O4,Oxide
Nb,NbN,Nitride
Nb,Nb2N,Nitride
Nb,Nb3N2,Nitride
Nb,NbS,Sulfide
Nb,NbS2,Sulfide
Nb,Nb2S3,Sulfide
Nb,NbO,Oxide
Nb,Nb2O3,Oxide
Nb,NbO2,Oxide
Nb,Nb3O4,Oxide
Mo,MoN,Nitride
Mo,Mo2N,Nitride
Mo,Mo3N2,Nitride
Mo,MoS,Sulfide
Mo,MoS2,Sulfide
Mo,Mo2S3,Sulfide
Mo,MoO,Oxide
Mo,Mo2O3,Oxide
Mo,MoO2,Oxide
Mo,Mo3O4,Oxide
Ru,RuN,Nitride
Ru,Ru2N,Nitride
Ru,Ru3N2,Nitride
Ru,RuS,Sulfide
Ru,RuS2,Sulfide
Ru,Ru2S3,Sulfide
Ru,RuO,Oxide
Ru,Ru2O3,Oxide
Ru,RuO2,Oxide
Ru,Ru3O4,Oxide
Pd,PdN,Nitride
Pd,Pd2N,Nitride
Pd,Pd3N2,Nitride
Pd,PdS,Sulfide
Pd,PdS2,Sulfide
Pd,Pd2S3,Sulfide
Pd,PdO,Oxide
Pd,Pd2O3,Oxide
Pd,PdO2,Oxide
Pd,Pd3O4,Oxide
Ag,AgN,Nitride
Ag,Ag2N,Nitride
Ag,Ag3N2,Nitride
Ag,AgS,Sulfide
Ag,AgS2,Sulfide
Ag,Ag2S3,Sulfide
Ag,AgO,Oxide
Ag,Ag2O3,Oxide
Ag,AgO2,Oxide
Ag,Ag3O4,Oxide
Cd,CdN,Nitride
Cd,Cd2N,Nitride
Cd,Cd3N2,Nitride
Cd,CdS,Sulfide
Cd,CdS2,Sulfide
Cd,Cd2S3,Sulfide
Cd,CdO,Oxide
Cd,Cd2O3,Oxide
Cd,CdO2,Oxide
Cd,Cd3O4,Oxide
Ta,TaN,Nitride
Ta,Ta2N,Nitride
Ta,Ta3N2,Nitride
Ta,TaS,Sulfide
Ta,TaS2,Sulfide
Ta,Ta2S3,Sulfide
Ta,TaO,Oxide
Ta,Ta2O3,Oxide
Ta,TaO2,Oxide
Ta,Ta3O4,Oxide
W,WN,Nitride
W,W2N,Nitride
W,W3N2,Nitride
W,WS,Sulfide
W,WS2,Sulfide
W,W2S3,Sulfide
W,WO,Oxide
W,W2O3,Oxide
W,WO2,Oxide
W,W3O4,Oxide
Ir,IrN,Nitride
Ir,Ir2N,Nitride
Ir,Ir3N2,Nitride
Ir,IrS,Sulfide
Ir,IrS2,Sulfide
Ir,Ir2S3,Sulfide
Ir,IrO,Oxide
Ir,Ir2O3,Oxide
Ir,IrO2,Oxide
Ir,Ir3O4,Oxide
Pt,PtN,Nitride
Pt,Pt2N,Nitride
Pt,Pt3N2,Nitride
Pt,PtS,Sulfide
Pt,PtS2,Sulfide
Pt,Pt2S3,Sulfide
Pt,PtO,Oxide
Pt,Pt2O3,Oxide
Pt,PtO2,Oxide
Pt,Pt3O4,Oxide
La,LaN,Nitride
La,La2N,Nitride
La,La3N2,Nitride
La,LaS,Sulfide
La,LaS2,Sulfide
La,La2S3,Sulfide
La,LaO,Oxide
La,La2O3,Oxide
La,LaO2,Oxide
La,La3O4,Oxide
Ce,CeN,Nitride
Ce,Ce2N,Nitride
Ce,Ce3N2,Nitride
Ce,CeS,Sulfide
Ce,CeS2,Sulfide
Ce,Ce2S3,Sulfide
Ce,CeO,Oxide
Ce,Ce2O3,Oxide
Ce,CeO2,Oxide
Ce,Ce3O4,Oxide
Al,AlN,Nitride
Al,Al2N,Nitride
Al,Al3N2,Nitride
Al,AlS,Sulfide
Al,AlS2,Sulfide
Al,Al2S3,Sulfide
Al,AlO,Oxide
Al,Al2O3,Oxide
Al,AlO2,Oxide
Al,Al3O4,Oxide
In,InN,Nitride
In,In2N,Nitride
In,In3N2,Nitride
In,InS,Sulfide
In,InS2,Sulfide
In,In2S3,Sulfide
In,InO,Oxide
In,In2O3,Oxide
In,InO2,Oxide
In,In3O4,Oxide
Sn,SnN,Nitride
Sn,Sn2N,Nitride
Sn,Sn3N2,Nitride
Sn,SnS,Sulfide
Sn,SnS2,Sulfide
Sn,Sn2S3,Sulfide
Sn,SnO,Oxide
Sn,Sn2O3,Oxide
Sn,SnO2,Oxide
Sn,Sn3O4,Oxide
