main_metal,dopant,n,mean_pred,median_pred,top_rate,baseline_mean,baseline_median,baseline_top_rate,delta_median_vs_main,top_rate_enrichment_vs_main
W,Pd,7200,1.4387573034305514,1.4541893,0.0015277777777777779,1.4738520810858662,1.4878909999999999,0.0005555555555555556,-0.033701699999999946,2.75
Ir,Ru,7200,1.220202045886114,1.2291208,0.049166666666666664,1.2924757605484816,1.31495335,0.01904040404040404,-0.0858325499999999,2.582228116710875
Sn,Pd,7200,1.2063741299750017,1.2223735,0.16458333333333333,1.3431505442621219,1.36790145,0.06575757575757575,-0.14552794999999996,2.5028801843317976
W,Ru,7200,1.4246489933236106,1.4328612,0.001388888888888889,1.4738520810858662,1.4878909999999999,0.0005555555555555556,-0.055029799999999796,2.5
W,Mo,7200,1.4292318959083306,1.4367535999999999,0.001388888888888889,1.4738520810858662,1.4878909999999999,0.0005555555555555556,-0.0511374,2.5
Zr,Cu,7200,1.273759709761113,1.2464454,0.03152777777777778,1.35979972134798,1.34184355,0.013686868686868687,-0.09539815000000007,2.3035055350553506
Ti,Ag,7200,1.251515832961108,1.2365716500000001,0.01972222222222222,1.2752496084035383,1.2653048999999998,0.008585858585858586,-0.02873324999999971,2.2970588235294116
In,Pd,5040,1.1512788085059515,1.1549966,0.09781746031746032,1.1926110557142866,1.1987993499999998,0.04349206349206349,-0.04380274999999978,2.249087591240876
Cd,In,7200,1.2224469916805567,1.22644045,0.095,1.2714388424722223,1.2789443,0.042676767676767674,-0.05250385000000013,2.22603550295858
Cu,Mo,5040,1.3026604882301551,1.318995,0.028174603174603175,1.3492022307317457,1.36294255,0.013253968253968254,-0.04394755000000017,2.125748502994012
Ru,Pd,5040,1.1593570180793662,1.17931395,0.1505952380952381,1.2210046797642824,1.2467546,0.0730952380952381,-0.06744064999999999,2.060260586319218
W,Fe,7200,1.4812188467277803,1.50592045,0.0011111111111111111,1.4738520810858662,1.4878909999999999,0.0005555555555555556,0.018029450000000224,2.0
Cu,Pd,5040,1.3194181890238108,1.3403920999999999,0.02638888888888889,1.3492022307317457,1.36294255,0.013253968253968254,-0.02255045000000022,1.9910179640718562
Zr,Ni,7200,1.3138804465236145,1.28391535,0.02652777777777778,1.35979972134798,1.34184355,0.013686868686868687,-0.057928200000000096,1.9381918819188193
Zr,Pd,7200,1.3115832119097235,1.2967220999999998,0.02625,1.35979972134798,1.34184355,0.013686868686868687,-0.04512145000000034,1.9178966789667897
Pd,In,5040,1.1338650855714285,1.16339865,0.19047619047619047,1.1865226696023825,1.2151364500000001,0.10111111111111111,-0.05173780000000017,1.8838304552590266
Cu,In,5040,1.3507944501111124,1.36855715,0.024206349206349207,1.3492022307317457,1.36294255,0.013253968253968254,0.005614599999999914,1.8263473053892216
Cd,Mo,7200,1.226299666323607,1.2272433999999999,0.0775,1.2714388424722223,1.2789443,0.042676767676767674,-0.05170090000000016,1.815976331360947
Cd,Ru,7200,1.229735444702778,1.23324715,0.075,1.2714388424722223,1.2789443,0.042676767676767674,-0.045697150000000075,1.757396449704142
V,Ag,7200,1.1845866296805583,1.1843746999999998,0.04972222222222222,1.2158283789409108,1.2159415,0.028383838383838383,-0.03156680000000023,1.751779359430605
V,In,7200,1.1869146157777812,1.1837749,0.04861111111111111,1.2158283789409108,1.2159415,0.028383838383838383,-0.032166600000000045,1.7126334519572954
Cr,Ag,7200,1.1982907347208334,1.1926693,0.042222222222222223,1.220245095285859,1.21855065,0.024747474747474747,-0.025881350000000136,1.7061224489795919
In,Cu,5040,1.1464893746627003,1.15384155,0.07341269841269842,1.1926110557142866,1.1987993499999998,0.04349206349206349,-0.044957799999999715,1.6879562043795622
Cr,In,7200,1.2014190107388885,1.2003732500000002,0.04111111111111111,1.220245095285859,1.21855065,0.024747474747474747,-0.0181773999999999,1.6612244897959185
Ag,Mo,5040,1.2808291035753951,1.2858427,0.0748015873015873,1.337580351081749,1.3422972,0.045396825396825394,-0.056454500000000074,1.6477272727272727
Ni,Ru,5040,1.2499335444146817,1.2631470999999999,0.0742063492063492,1.2934546359277799,1.3063158499999998,0.04507936507936508,-0.04316874999999998,1.6461267605633803
Mn,Ru,5040,1.23419755176389,1.2431096,0.08472222222222223,1.2853872412809548,1.2991559000000001,0.051587301587301584,-0.056046300000000215,1.6423076923076925
In,Ag,5040,1.1461191796369083,1.15235825,0.07103174603174603,1.1926110557142866,1.1987993499999998,0.04349206349206349,-0.04644109999999979,1.6332116788321167
V,Pd,7200,1.2165883352569442,1.2267759500000002,0.04625,1.2158283789409108,1.2159415,0.028383838383838383,0.010834450000000162,1.6294483985765125
Ti,Mn,7200,1.277525203154167,1.2700762,0.013888888888888888,1.2752496084035383,1.2653048999999998,0.008585858585858586,0.004771300000000256,1.6176470588235294
Zn,In,5040,1.0577417053611107,1.0500949,0.2773809523809524,1.1004331252761936,1.0994312499999999,0.1715079365079365,-0.04933634999999992,1.6173068024062935
Cr,Pd,7200,1.2293759994013873,1.2348348000000002,0.03986111111111111,1.220245095285859,1.21855065,0.024747474747474747,0.016284150000000164,1.6107142857142858
Cu,Ru,5040,1.3225222050138863,1.3375868,0.02123015873015873,1.3492022307317457,1.36294255,0.013253968253968254,-0.02535575000000012,1.6017964071856288
Nb,Zn,7200,1.0193341311916657,1.0016184,0.37625,1.1181220512873675,1.0916884,0.23813131313131314,-0.0900700000000001,1.5800106044538704
Ni,Mo,5040,1.2464345400436485,1.2565975,0.07103174603174603,1.2934546359277799,1.3063158499999998,0.04507936507936508,-0.0497183499999998,1.5757042253521125
Fe,Co,5040,1.1446309383948385,1.1619682500000001,0.18611111111111112,1.2128174664333278,1.2250131999999998,0.11865079365079365,-0.06304494999999966,1.568561872909699
Mn,Ni,5040,1.2586559053432558,1.25676425,0.08015873015873017,1.2853872412809548,1.2991559000000001,0.051587301587301584,-0.042391650000000114,1.553846153846154
Zr,Ag,7200,1.3058539175847268,1.2769165500000002,0.02125,1.35979972134798,1.34184355,0.013686868686868687,-0.06492699999999996,1.5525830258302584
Ag,Pd,5040,1.3023998046904763,1.3103559500000002,0.07023809523809524,1.337580351081749,1.3422972,0.045396825396825394,-0.03194124999999981,1.5472027972027973
Ir,Mo,7200,1.2552401140249991,1.2640671,0.029444444444444443,1.2924757605484816,1.31495335,0.01904040404040404,-0.0508862499999998,1.546419098143236
Ag,Ru,5040,1.280763624089283,1.27899435,0.06964285714285715,1.337580351081749,1.3422972,0.045396825396825394,-0.06330284999999991,1.5340909090909092
Ni,Pd,5040,1.2892431160019842,1.31726155,0.06904761904761905,1.2934546359277799,1.3063158499999998,0.04507936507936508,0.01094570000000017,1.5316901408450705
Ir,Ni,7200,1.26566257013194,1.2872402000000003,0.028888888888888888,1.2924757605484816,1.31495335,0.01904040404040404,-0.02771314999999963,1.5172413793103448
Mn,Mo,5040,1.2367364087043657,1.2581258499999999,0.07698412698412699,1.2853872412809548,1.2991559000000001,0.051587301587301584,-0.04103005000000026,1.4923076923076926
Ir,Ag,7200,1.2660283954708342,1.28304675,0.027916666666666666,1.2924757605484816,1.31495335,0.01904040404040404,-0.031906599999999896,1.466180371352785
Zn,Mo,5040,1.0549968331111075,1.04814425,0.24682539682539684,1.1004331252761936,1.0994312499999999,0.1715079365079365,-0.05128699999999986,1.4391485423415087
Cr,Co,7200,1.1945449060513906,1.19388585,0.035555555555555556,1.220245095285859,1.21855065,0.024747474747474747,-0.024664800000000042,1.436734693877551
Nb,Pd,7200,1.0413151687763857,1.0214625499999999,0.34180555555555553,1.1181220512873675,1.0916884,0.23813131313131314,-0.07022585000000015,1.4353658536585365
Ti,In,7200,1.2655537068847214,1.2531472,0.012083333333333333,1.2752496084035383,1.2653048999999998,0.008585858585858586,-0.012157699999999938,1.4073529411764707
Pd,Zn,5040,1.1703751040376988,1.19611415,0.14186507936507936,1.1865226696023825,1.2151364500000001,0.10111111111111111,-0.019022300000000048,1.403061224489796
Sn,Ag,7200,1.3233009369361115,1.349933,0.09111111111111111,1.3431505442621219,1.36790145,0.06575757575757575,-0.017968449999999914,1.3855606758832568
Mo,Cu,5040,1.0966211174940468,1.0768261,0.26091269841269843,1.1397384222087321,1.12471115,0.18976190476190477,-0.047885050000000096,1.374947720618988
Cd,Pd,7200,1.2844228171305567,1.29794105,0.058333333333333334,1.2714388424722223,1.2789443,0.042676767676767674,0.018996749999999896,1.3668639053254439
Co,Ru,5040,1.195459669164679,1.2076389,0.1367063492063492,1.230826459453173,1.24787285,0.10317460317460317,-0.04023394999999996,1.325
Zn,Ru,5040,1.0709181729900783,1.0666492500000002,0.2263888888888889,1.1004331252761936,1.0994312499999999,0.1715079365079365,-0.032781999999999645,1.3199907450254513
Mn,Fe,5040,1.2209429459722252,1.2251743,0.06666666666666667,1.2853872412809548,1.2991559000000001,0.051587301587301584,-0.0739816000000002,1.2923076923076924
Nb,Cu,7200,1.0712819125597226,1.04825255,0.3063888888888889,1.1181220512873675,1.0916884,0.23813131313131314,-0.043435850000000054,1.2866383881230117
Co,Mo,5040,1.1858538741924574,1.1928649500000001,0.13214285714285715,1.230826459453173,1.24787285,0.10317460317460317,-0.05500789999999989,1.2807692307692309
Ti,Cu,7200,1.2582408563319452,1.2390621999999998,0.010972222222222222,1.2752496084035383,1.2653048999999998,0.008585858585858586,-0.026242700000000063,1.2779411764705881
Co,Fe,5040,1.191867843763887,1.2083092500000001,0.13174603174603175,1.230826459453173,1.24787285,0.10317460317460317,-0.03956359999999992,1.276923076923077
Mo,Pd,5040,1.0998036818015895,1.08522455,0.24226190476190476,1.1397384222087321,1.12471115,0.18976190476190477,-0.03948660000000004,1.2766624843161856
Ru,Ag,5040,1.18429204406746,1.2062295,0.09305555555555556,1.2210046797642824,1.2467546,0.0730952380952381,-0.04052509999999998,1.273072747014115
Pd,Cu,5040,1.1630311793452388,1.19332635,0.12698412698412698,1.1865226696023825,1.2151364500000001,0.10111111111111111,-0.021810100000000165,1.2558869701726845
Cd,Ag,7200,1.2622077120319442,1.2739629,0.05347222222222222,1.2714388424722223,1.2789443,0.042676767676767674,-0.004981400000000136,1.252958579881657
Fe,Ru,5040,1.1903464788690465,1.1945601,0.14801587301587302,1.2128174664333278,1.2250131999999998,0.11865079365079365,-0.0304530999999999,1.2474916387959867
Ti,Ni,7200,1.2638377420333355,1.2491211500000001,0.010694444444444444,1.2752496084035383,1.2653048999999998,0.008585858585858586,-0.01618374999999972,1.2455882352941177
Ag,In,5040,1.3154893515992048,1.3271901499999998,0.05615079365079365,1.337580351081749,1.3422972,0.045396825396825394,-0.015107050000000122,1.236888111888112
Nb,Ag,7200,1.0795499451597261,1.05504085,0.2923611111111111,1.1181220512873675,1.0916884,0.23813131313131314,-0.036647550000000084,1.2277306468716862
Sn,Mo,7200,1.3246866678541707,1.3584421999999998,0.08027777777777778,1.3431505442621219,1.36790145,0.06575757575757575,-0.009459250000000141,1.2208141321044548
Sn,In,7200,1.3127520196666678,1.3448386499999998,0.0798611111111111,1.3431505442621219,1.36790145,0.06575757575757575,-0.02306280000000016,1.2144777265745008
Cu,Zn,5040,1.3527093205019833,1.35867155,0.01607142857142857,1.3492022307317457,1.36294255,0.013253968253968254,-0.004271000000000136,1.2125748502994012
Zn,Pd,5040,1.087605305779759,1.08635205,0.20515873015873015,1.1004331252761936,1.0994312499999999,0.1715079365079365,-0.013079199999999958,1.1962054604349839
Mn,Co,5040,1.2475753766666688,1.2509065499999998,0.061507936507936505,1.2853872412809548,1.2991559000000001,0.051587301587301584,-0.0482493500000003,1.1923076923076923
Fe,Ni,5040,1.1963032053392864,1.2067766000000002,0.14126984126984127,1.2128174664333278,1.2250131999999998,0.11865079365079365,-0.018236599999999603,1.1906354515050168
Fe,Mn,5040,1.1610170950615109,1.1715345,0.14067460317460317,1.2128174664333278,1.2250131999999998,0.11865079365079365,-0.05347869999999988,1.18561872909699
Mo,Ni,5040,1.1241267392995997,1.1097836,0.2246031746031746,1.1397384222087321,1.12471115,0.18976190476190477,-0.0149275499999999,1.1836051861145964
Mn,Ag,5040,1.297626158452379,1.30966085,0.060515873015873016,1.2853872412809548,1.2991559000000001,0.051587301587301584,0.010504949999999846,1.1730769230769231
Co,Pd,5040,1.2394792794642824,1.2734557,0.12043650793650794,1.230826459453173,1.24787285,0.10317460317460317,0.025582849999999935,1.1673076923076924
Mo,Ag,5040,1.111910743180554,1.0987609,0.22063492063492063,1.1397384222087321,1.12471115,0.18976190476190477,-0.025950249999999953,1.1626934337097448
Fe,Mo,5040,1.1889918819265897,1.1956259500000002,0.13710317460317462,1.2128174664333278,1.2250131999999998,0.11865079365079365,-0.029387249999999643,1.1555183946488297
Cd,Cu,7200,1.2576597696208345,1.2649495,0.049166666666666664,1.2714388424722223,1.2789443,0.042676767676767674,-0.013994800000000085,1.1520710059171597
Mo,Zn,5040,1.119552475940471,1.1006095999999999,0.21845238095238095,1.1397384222087321,1.12471115,0.18976190476190477,-0.024101550000000138,1.1511919698870765
Pd,Mo,5040,1.1840098448571414,1.2159230499999998,0.11507936507936507,1.1865226696023825,1.2151364500000001,0.10111111111111111,0.0007865999999996376,1.1381475667189953
Ni,Mn,5040,1.314506934384923,1.3193522500000001,0.0501984126984127,1.2934546359277799,1.3063158499999998,0.04507936507936508,0.013036400000000281,1.113556338028169
Ir,Co,7200,1.2684433338722212,1.2888190499999999,0.020694444444444446,1.2924757605484816,1.31495335,0.01904040404040404,-0.026134300000000055,1.086870026525199
Co,Mn,5040,1.2198545156607106,1.2250763500000001,0.11210317460317461,1.230826459453173,1.24787285,0.10317460317460317,-0.022796499999999886,1.0865384615384617
Sn,Zn,7200,1.3077264587236148,1.3203071,0.07138888888888889,1.3431505442621219,1.36790145,0.06575757575757575,-0.04759435000000001,1.0856374807987712
Cr,Cu,7200,1.2204489113930577,1.2193942999999998,0.02666666666666667,1.220245095285859,1.21855065,0.024747474747474747,0.0008436499999997515,1.0775510204081633
In,Ni,5040,1.1647782415853158,1.16738665,0.046825396825396826,1.1926110557142866,1.1987993499999998,0.04349206349206349,-0.03141269999999974,1.0766423357664234
Ru,Mo,5040,1.1993365298968273,1.2221590500000001,0.07857142857142857,1.2210046797642824,1.2467546,0.0730952380952381,-0.02459554999999991,1.074918566775244
V,Co,7200,1.2176692999222225,1.21505145,0.03027777777777778,1.2158283789409108,1.2159415,0.028383838383838383,-0.0008900499999999756,1.0667259786476868
Co,In,5040,1.2488456482361079,1.27670705,0.10932539682539683,1.230826459453173,1.24787285,0.10317460317460317,0.02883419999999992,1.0596153846153846
Nb,Ni,7200,1.1138776849902794,1.0921775999999999,0.25083333333333335,1.1181220512873675,1.0916884,0.23813131313131314,0.0004891999999998564,1.053340402969247
In,Ru,5040,1.1885778987936504,1.1928034,0.04523809523809524,1.1926110557142866,1.1987993499999998,0.04349206349206349,-0.00599594999999975,1.0401459854014599
Pd,Ag,5040,1.180153591789683,1.20884465,0.10515873015873016,1.1865226696023825,1.2151364500000001,0.10111111111111111,-0.0062918000000000696,1.0400313971742543
Zn,Ag,5040,1.1017118412043616,1.1073415,0.17777777777777778,1.1004331252761936,1.0994312499999999,0.1715079365079365,0.007910250000000119,1.0365571494678392
Co,Ni,5040,1.2153837817162663,1.2309448,0.10674603174603174,1.230826459453173,1.24787285,0.10317460317460317,-0.016928049999999972,1.0346153846153847
Fe,Ag,5040,1.2317791581031738,1.2479736,0.12242063492063492,1.2128174664333278,1.2250131999999998,0.11865079365079365,0.022960400000000103,1.0317725752508362
Ir,Pd,7200,1.270783954381938,1.28779605,0.019305555555555555,1.2924757605484816,1.31495335,0.01904040404040404,-0.02715729999999983,1.0139257294429707
Mo,In,5040,1.1282276503214275,1.10970295,0.18888888888888888,1.1397384222087321,1.12471115,0.18976190476190477,-0.015008200000000027,0.9953994144709326
Mo,Ru,5040,1.1374111470535684,1.1300062,0.18888888888888888,1.1397384222087321,1.12471115,0.18976190476190477,0.005295049999999968,0.9953994144709326
Pd,Ru,5040,1.1918435698591265,1.22075245,0.1003968253968254,1.1865226696023825,1.2151364500000001,0.10111111111111111,0.005615999999999843,0.9929356357927787
Ni,In,5040,1.3230830466369008,1.3469693,0.044642857142857144,1.2934546359277799,1.3063158499999998,0.04507936507936508,0.0406534500000002,0.9903169014084507
Mo,Co,5040,1.1419433863095212,1.12857595,0.1863095238095238,1.1397384222087321,1.12471115,0.18976190476190477,0.0038648000000001126,0.9818067754077792
Co,Ag,5040,1.2564406025654773,1.27803175,0.09821428571428571,1.230826459453173,1.24787285,0.10317460317460317,0.03015889999999999,0.951923076923077
In,Mo,5040,1.2007155656984116,1.20673995,0.04126984126984127,1.1926110557142866,1.1987993499999998,0.04349206349206349,0.007940600000000186,0.948905109489051
Nb,In,7200,1.1229470340472218,1.1032749499999999,0.22402777777777777,1.1181220512873675,1.0916884,0.23813131313131314,0.011586549999999862,0.9407741251325556
Fe,Pd,5040,1.2348007378809516,1.2531892999999998,0.1111111111111111,1.2128174664333278,1.2250131999999998,0.11865079365079365,0.028176100000000037,0.9364548494983278
V,Cu,7200,1.2039729802208328,1.20168805,0.02652777777777778,1.2158283789409108,1.2159415,0.028383838383838383,-0.01425345,0.934608540925267
V,Zn,7200,1.1951367761763894,1.1919357,0.02638888888888889,1.2158283789409108,1.2159415,0.028383838383838383,-0.024005800000000077,0.9297153024911032
Sn,Ru,7200,1.3420002447263881,1.3759844499999998,0.06111111111111111,1.3431505442621219,1.36790145,0.06575757575757575,0.00808299999999984,0.9293394777265745
Ti,Pd,7200,1.3010351390805586,1.3012562,0.007916666666666667,1.2752496084035383,1.2653048999999998,0.008585858585858586,0.03595130000000024,0.9220588235294118
Pd,Mn,5040,1.1594292699166648,1.18707135,0.09107142857142857,1.1865226696023825,1.2151364500000001,0.10111111111111111,-0.028065100000000065,0.9007064364207221
Ag,Fe,5040,1.3809334547380918,1.40463235,0.040873015873015874,1.337580351081749,1.3422972,0.045396825396825394,0.062335150000000006,0.9003496503496504
Ir,Cu,7200,1.3008424446166618,1.32765275,0.016944444444444446,1.2924757605484816,1.31495335,0.01904040404040404,0.012699400000000027,0.8899204244031831
Cr,Zn,7200,1.2153055861055613,1.21127465,0.021944444444444444,1.220245095285859,1.21855065,0.024747474747474747,-0.00727600000000006,0.886734693877551
Ni,Co,5040,1.2760783175099166,1.2904206999999999,0.03968253968253968,1.2934546359277799,1.3063158499999998,0.04507936507936508,-0.01589514999999997,0.880281690140845
Ru,In,5040,1.2249454159305555,1.246488,0.06428571428571428,1.2210046797642824,1.2467546,0.0730952380952381,-0.0002666000000000057,0.8794788273615634
Cr,Ni,7200,1.2217896957875,1.21834155,0.021527777777777778,1.220245095285859,1.21855065,0.024747474747474747,-0.0002090999999999621,0.8698979591836735
Ru,Cu,5040,1.2187230916646814,1.2415216500000001,0.06349206349206349,1.2210046797642824,1.2467546,0.0730952380952381,-0.005232949999999903,0.8686210640608033
Zn,Ni,5040,1.123096676331344,1.129759,0.14642857142857144,1.1004331252761936,1.0994312499999999,0.1715079365079365,0.030327750000000098,0.8537714021286442
Ru,Ni,5040,1.2241490029722193,1.249597,0.062103174603174605,1.2210046797642824,1.2467546,0.0730952380952381,0.0028424000000000227,0.8496199782844733
Mn,Cu,5040,1.3105558276369078,1.3158276500000001,0.04365079365079365,1.2853872412809548,1.2991559000000001,0.051587301587301584,0.016671749999999985,0.8461538461538461
Fe,Cu,5040,1.229481291736109,1.24078145,0.0992063492063492,1.2128174664333278,1.2250131999999998,0.11865079365079365,0.01576825000000026,0.8361204013377926
Zn,Cu,5040,1.126522914799601,1.1368679,0.14265873015873015,1.1004331252761936,1.0994312499999999,0.1715079365079365,0.03743665000000007,0.8317908375751967
Nb,Co,7200,1.144461697466668,1.12491705,0.18902777777777777,1.1181220512873675,1.0916884,0.23813131313131314,0.03322865000000008,0.793796394485684
V,Ni,7200,1.218120652395837,1.21563175,0.0225,1.2158283789409108,1.2159415,0.028383838383838383,-0.00030974999999999753,0.7927046263345195
Ni,Ag,5040,1.304608967384915,1.3203151499999999,0.03571428571428571,1.2934546359277799,1.3063158499999998,0.04507936507936508,0.013999300000000048,0.7922535211267605
V,Fe,7200,1.2316041654347192,1.2316679000000001,0.02236111111111111,1.2158283789409108,1.2159415,0.028383838383838383,0.01572640000000014,0.7878113879003559
Ru,Fe,5040,1.2583993872202386,1.2894499499999998,0.05654761904761905,1.2210046797642824,1.2467546,0.0730952380952381,0.0426953499999998,0.773615635179153
Ru,Zn,5040,1.239716576472221,1.2631467,0.055952380952380955,1.2210046797642824,1.2467546,0.0730952380952381,0.01639210000000002,0.7654723127035831
Ru,Co,5040,1.2390444764603166,1.26464995,0.05555555555555555,1.2210046797642824,1.2467546,0.0730952380952381,0.017895349999999866,0.7600434310532029
Fe,In,5040,1.2533860765119056,1.2732225000000001,0.09007936507936508,1.2128174664333278,1.2250131999999998,0.11865079365079365,0.048209300000000344,0.7591973244147158
In,Zn,5040,1.2380701836884909,1.25072575,0.03293650793650794,1.1926110557142866,1.1987993499999998,0.04349206349206349,0.05192640000000015,0.7572992700729927
W,Co,7200,1.4795636844499995,1.4991534499999999,0.0004166666666666667,1.4738520810858662,1.4878909999999999,0.0005555555555555556,0.011262450000000035,0.75
Nb,Fe,7200,1.157792928179168,1.12826085,0.175,1.1181220512873675,1.0916884,0.23813131313131314,0.03657244999999998,0.7348886532343584
Ag,Ni,5040,1.3275361889484092,1.3178953999999998,0.03293650793650794,1.337580351081749,1.3422972,0.045396825396825394,-0.02440180000000014,0.7255244755244756
Ag,Mn,5040,1.4297078631428597,1.4652174,0.03293650793650794,1.337580351081749,1.3422972,0.045396825396825394,0.12292020000000003,0.7255244755244756
Ag,Co,5040,1.3437412406626978,1.3400368,0.032341269841269844,1.337580351081749,1.3422972,0.045396825396825394,-0.0022603999999999402,0.7124125874125875
Pd,Ni,5040,1.2025564306031766,1.2271407500000002,0.07202380952380952,1.1865226696023825,1.2151364500000001,0.10111111111111111,0.012004300000000079,0.7123233908948194
Ti,Mo,7200,1.2834939733013888,1.2740095,0.006111111111111111,1.2752496084035383,1.2653048999999998,0.008585858585858586,0.008704600000000173,0.711764705882353
Zn,Mn,5040,1.1078146546845224,1.09707935,0.12003968253968254,1.1004331252761936,1.0994312499999999,0.1715079365079365,-0.0023518999999998513,0.6999074502545118
Ni,Fe,5040,1.3076348211845208,1.3201688500000002,0.03154761904761905,1.2934546359277799,1.3063158499999998,0.04507936507936508,0.013853000000000337,0.6998239436619718
Ru,Mn,5040,1.2620832548789673,1.2954975499999999,0.050793650793650794,1.2210046797642824,1.2467546,0.0730952380952381,0.04874294999999984,0.6948968512486428
Nb,Mo,7200,1.1765545210430555,1.1565594499999998,0.16444444444444445,1.1181220512873675,1.0916884,0.23813131313131314,0.06487104999999982,0.6905620360551431
Zr,Ru,7200,1.386244600031949,1.3685549,0.009305555555555555,1.35979972134798,1.34184355,0.013686868686868687,0.0267113499999998,0.6798892988929889
Nb,Ru,7200,1.1728061174444482,1.1502406,0.15888888888888889,1.1181220512873675,1.0916884,0.23813131313131314,0.058552200000000054,0.6672322375397667
Co,Cu,5040,1.2549565471230149,1.2674733,0.06865079365079366,1.230826459453173,1.24787285,0.10317460317460317,0.01960044999999999,0.6653846153846155
Ir,In,7200,1.290442250909721,1.30683395,0.012638888888888889,1.2924757605484816,1.31495335,0.01904040404040404,-0.008119399999999999,0.6637931034482758
Mn,Pd,5040,1.2901219544523785,1.2945874000000002,0.033134920634920635,1.2853872412809548,1.2991559000000001,0.051587301587301584,-0.004568499999999975,0.6423076923076924
Sn,Cu,7200,1.386391914548614,1.40113265,0.041527777777777775,1.3431505442621219,1.36790145,0.06575757575757575,0.03323120000000013,0.6315284178187404
Cr,Fe,7200,1.2196269929555574,1.216875,0.015277777777777777,1.220245095285859,1.21855065,0.024747474747474747,-0.0016756500000001395,0.6173469387755102
Mo,Fe,5040,1.1844165466488081,1.18170485,0.11686507936507937,1.1397384222087321,1.12471115,0.18976190476190477,0.056993700000000036,0.6158511083228775
Cd,Ni,7200,1.269945427137507,1.27276415,0.026111111111111113,1.2714388424722223,1.2789443,0.042676767676767674,-0.006180150000000051,0.6118343195266273
Nb,Mn,7200,1.1994214233027725,1.1719363,0.14041666666666666,1.1181220512873675,1.0916884,0.23813131313131314,0.08024790000000004,0.5896606574761399
Sn,Fe,7200,1.3856183193680576,1.4146043000000001,0.037083333333333336,1.3431505442621219,1.36790145,0.06575757575757575,0.046702850000000184,0.5639400921658987
Zr,Fe,7200,1.4218500720625062,1.41711675,0.007638888888888889,1.35979972134798,1.34184355,0.013686868686868687,0.07527319999999982,0.5581180811808119
Zr,Mn,7200,1.447652404218057,1.4436998,0.007638888888888889,1.35979972134798,1.34184355,0.013686868686868687,0.10185624999999998,0.5581180811808119
Sn,Co,7200,1.376702454120836,1.398012,0.03652777777777778,1.3431505442621219,1.36790145,0.06575757575757575,0.03011055000000007,0.5554915514592934
Zn,Co,5040,1.1385568251845248,1.1391178000000002,0.09464285714285714,1.1004331252761936,1.0994312499999999,0.1715079365079365,0.03968655000000032,0.5518278574733919
Ti,Co,7200,1.28014574024861,1.2703132999999998,0.004722222222222222,1.2752496084035383,1.2653048999999998,0.008585858585858586,0.005008399999999913,0.55
Cu,Ag,5040,1.3579290577876983,1.3718039499999999,0.006944444444444444,1.3492022307317457,1.36294255,0.013253968253968254,0.008861399999999797,0.5239520958083832
V,Mn,7200,1.2657502290291645,1.273834,0.014861111111111111,1.2158283789409108,1.2159415,0.028383838383838383,0.0578924999999999,0.5235765124555161
Sn,Ni,7200,1.387111160554171,1.40186005,0.034027777777777775,1.3431505442621219,1.36790145,0.06575757575757575,0.03395860000000006,0.5174731182795699
Ag,Cu,5040,1.3374250406527728,1.32792685,0.023412698412698413,1.337580351081749,1.3422972,0.045396825396825394,-0.014370349999999865,0.5157342657342657
Cd,Zn,7200,1.2891863237902794,1.29408405,0.021666666666666667,1.2714388424722223,1.2789443,0.042676767676767674,0.015139749999999896,0.5076923076923078
Zr,Zn,7200,1.2982151565277802,1.2877036,0.006805555555555555,1.35979972134798,1.34184355,0.013686868686868687,-0.05413995000000016,0.49723247232472323
Zr,Mo,7200,1.4147872618736153,1.4011352000000001,0.006666666666666667,1.35979972134798,1.34184355,0.013686868686868687,0.05929165000000003,0.48708487084870855
V,Mo,7200,1.230604696130558,1.2238034,0.013333333333333334,1.2158283789409108,1.2159415,0.028383838383838383,0.007861899999999977,0.46975088967971534
Ag,Zn,5040,1.3769778387182545,1.37304385,0.020634920634920634,1.337580351081749,1.3422972,0.045396825396825394,0.030746649999999986,0.4545454545454546
Zn,Fe,5040,1.1353663233154747,1.1318456000000001,0.07777777777777778,1.1004331252761936,1.0994312499999999,0.1715079365079365,0.03241435000000026,0.4534937528921796
Ni,Cu,5040,1.2860476223531772,1.2959711500000002,0.020436507936507937,1.2934546359277799,1.3063158499999998,0.04507936507936508,-0.010344699999999651,0.4533450704225352
Ti,Ru,7200,1.283862100723615,1.2764970500000001,0.00375,1.2752496084035383,1.2653048999999998,0.008585858585858586,0.01119215000000029,0.43676470588235294
Cr,Mo,7200,1.2335024023680536,1.22928565,0.010555555555555556,1.220245095285859,1.21855065,0.024747474747474747,0.010734999999999939,0.42653061224489797
V,Ru,7200,1.2231637883249995,1.22160295,0.01138888888888889,1.2158283789409108,1.2159415,0.028383838383838383,0.005661450000000068,0.4012455516014235
Cr,Mn,7200,1.2608932287513903,1.2597369,0.00986111111111111,1.220245095285859,1.21855065,0.024747474747474747,0.04118624999999998,0.39846938775510204
Sn,Mn,7200,1.4219916804097246,1.4434748,0.025833333333333333,1.3431505442621219,1.36790145,0.06575757575757575,0.07557334999999998,0.3928571428571429
Ti,Fe,7200,1.2977680691180578,1.2891141,0.0033333333333333335,1.2752496084035383,1.2653048999999998,0.008585858585858586,0.023809200000000086,0.38823529411764707
In,Co,5040,1.2101035095000015,1.2120758,0.01646825396825397,1.1926110557142866,1.1987993499999998,0.04349206349206349,0.013276450000000217,0.37864963503649635
Zr,Co,7200,1.391921247395835,1.3802705,0.005138888888888889,1.35979972134798,1.34184355,0.013686868686868687,0.03842694999999985,0.37546125461254615
Pd,Co,5040,1.2412002833948426,1.2631134,0.036904761904761905,1.1865226696023825,1.2151364500000001,0.10111111111111111,0.047976949999999796,0.3649921507064364
Ni,Zn,5040,1.336975449363093,1.3331174,0.014285714285714285,1.2934546359277799,1.3063158499999998,0.04507936507936508,0.026801550000000063,0.3169014084507042
Cr,Ru,7200,1.2274985798708324,1.22294425,0.007638888888888889,1.220245095285859,1.21855065,0.024747474747474747,0.0043935999999999975,0.3086734693877551
Pd,Fe,5040,1.238762336648811,1.26188975,0.03115079365079365,1.1865226696023825,1.2151364500000001,0.10111111111111111,0.046753299999999776,0.30808477237048665
Cu,Mn,5040,1.399617235623012,1.40823535,0.0035714285714285713,1.3492022307317457,1.36294255,0.013253968253968254,0.04529279999999991,0.2694610778443114
Mo,Mn,5040,1.2533707340376972,1.2499072,0.0498015873015873,1.1397384222087321,1.12471115,0.18976190476190477,0.12519605,0.26244249268088665
W,Mn,7200,1.5371749606944431,1.5669404,0.0001388888888888889,1.4738520810858662,1.4878909999999999,0.0005555555555555556,0.07904940000000016,0.25
W,Ag,7200,1.4522848074499994,1.4626633,0.0001388888888888889,1.4738520810858662,1.4878909999999999,0.0005555555555555556,-0.025227699999999853,0.25
Ir,Fe,7200,1.3119509665458318,1.324094,0.004027777777777778,1.2924757605484816,1.31495335,0.01904040404040404,0.009140650000000194,0.2115384615384615
Cu,Co,5040,1.3609155430357134,1.37144435,0.002380952380952381,1.3492022307317457,1.36294255,0.013253968253968254,0.008501799999999893,0.17964071856287428
Mn,In,5040,1.3536259591329343,1.3571669499999999,0.008531746031746031,1.2853872412809548,1.2991559000000001,0.051587301587301584,0.05801104999999973,0.16538461538461538
Cu,Fe,5040,1.3719114916726165,1.378618,0.0021825396825396826,1.3492022307317457,1.36294255,0.013253968253968254,0.015675449999999813,0.16467065868263472
Co,Zn,5040,1.3001228326448377,1.3055547500000002,0.015674603174603174,1.230826459453173,1.24787285,0.10317460317460317,0.057681900000000175,0.15192307692307694
In,Fe,5040,1.2214555028015903,1.22071555,0.006547619047619048,1.1926110557142866,1.1987993499999998,0.04349206349206349,0.021916200000000163,0.15054744525547445
Ti,Zn,7200,1.2647673286013943,1.2483911499999998,0.00125,1.2752496084035383,1.2653048999999998,0.008585858585858586,-0.01691375000000006,0.14558823529411766
Cd,Co,7200,1.3082976538472177,1.31468035,0.005833333333333334,1.2714388424722223,1.2789443,0.042676767676767674,0.03573604999999991,0.1366863905325444
Zr,In,7200,1.3920489069388897,1.37574885,0.0018055555555555555,1.35979972134798,1.34184355,0.013686868686868687,0.033905299999999805,0.13191881918819187
Cu,Ni,5040,1.3535443263174556,1.3648293999999999,0.001388888888888889,1.3492022307317457,1.36294255,0.013253968253968254,0.0018868499999997734,0.10479041916167665
Cd,Mn,7200,1.3077651281999978,1.3086183,0.0038888888888888888,1.2714388424722223,1.2789443,0.042676767676767674,0.029673999999999978,0.09112426035502959
Fe,Zn,5040,1.297437800509919,1.2985053,0.010515873015873017,1.2128174664333278,1.2250131999999998,0.11865079365079365,0.07349210000000017,0.08862876254180603
Cd,Fe,7200,1.3278603327291654,1.3387973,0.003472222222222222,1.2714388424722223,1.2789443,0.042676767676767674,0.059852999999999934,0.08136094674556213
In,Mn,5040,1.2585222922698414,1.2602203,0.003373015873015873,1.1926110557142866,1.1987993499999998,0.04349206349206349,0.06142095000000025,0.07755474452554745
Ir,Mn,7200,1.389191921262494,1.3950005,0.0004166666666666667,1.2924757605484816,1.31495335,0.01904040404040404,0.08004715000000018,0.021883289124668436
Mn,Zn,5040,1.4038343246845308,1.4049465,0.0,1.2853872412809548,1.2991559000000001,0.051587301587301584,0.10579059999999996,0.0
W,Zn,7200,1.5493764164305432,1.5572818000000002,0.0,1.4738520810858662,1.4878909999999999,0.0005555555555555556,0.06939080000000031,0.0
Ir,Zn,7200,1.3784453689305514,1.38126245,0.0,1.2924757605484816,1.31495335,0.01904040404040404,0.06630910000000001,0.0
W,Ni,7200,1.469058542897224,1.4819073500000002,0.0,1.4738520810858662,1.4878909999999999,0.0005555555555555556,-0.005983649999999674,0.0
W,In,7200,1.458016842076384,1.4647766,0.0,1.4738520810858662,1.4878909999999999,0.0005555555555555556,-0.02311439999999987,0.0
W,Cu,7200,1.4930405985555555,1.4993748,0.0,1.4738520810858662,1.4878909999999999,0.0005555555555555556,0.011483800000000155,0.0
Al,Ag,7200,1.3067699428888901,1.2991172999999998,0.0,1.3165450902373788,1.30899585,0.0,-0.009878550000000264,
Al,Co,7200,1.3243553995972195,1.3149642,0.0,1.3165450902373788,1.30899585,0.0,0.005968349999999845,
Al,Cu,7200,1.315781749805555,1.3104493000000002,0.0,1.3165450902373788,1.30899585,0.0,0.0014534500000000783,
Al,Fe,7200,1.3185472581388886,1.31310685,0.0,1.3165450902373788,1.30899585,0.0,0.004110999999999976,
Al,In,7200,1.3302972697777795,1.32282315,0.0,1.3165450902373788,1.30899585,0.0,0.013827299999999987,
Al,Mn,7200,1.3221296164444436,1.3158414,0.0,1.3165450902373788,1.30899585,0.0,0.006845549999999978,
Al,Mo,7200,1.3109703274722235,1.3013666,0.0,1.3165450902373788,1.30899585,0.0,-0.007629250000000143,
Al,Ni,7200,1.3131608074166627,1.30728315,0.0,1.3165450902373788,1.30899585,0.0,-0.0017127000000001225,
Al,Pd,7200,1.3066896813055553,1.3009466,0.0,1.3165450902373788,1.30899585,0.0,-0.008049250000000008,
Al,Ru,7200,1.300819407541668,1.28622135,0.0,1.3165450902373788,1.30899585,0.0,-0.022774500000000142,
Al,Zn,7200,1.332474532222223,1.3258655,0.0,1.3165450902373788,1.30899585,0.0,0.016869649999999847,
Ce,Ag,7200,1.7235966734166677,1.70443825,0.0,1.7516077706616173,1.7286737,0.0,-0.024235450000000158,
Ce,Co,7200,1.760949523722222,1.7389480000000002,0.0,1.7516077706616173,1.7286737,0.0,0.01027430000000007,
Ce,Cu,7200,1.7084156056388928,1.69234775,0.0,1.7516077706616173,1.7286737,0.0,-0.03632595000000016,
Ce,Fe,7200,1.7891311886527799,1.7688578000000001,0.0,1.7516077706616173,1.7286737,0.0,0.040184100000000056,
Ce,In,7200,1.7435945296666646,1.7186423,0.0,1.7516077706616173,1.7286737,0.0,-0.010031400000000135,
Ce,Mn,7200,1.7965966217638911,1.7745677999999998,0.0,1.7516077706616173,1.7286737,0.0,0.045894099999999716,
Ce,Mo,7200,1.8111960442916666,1.7908802000000001,0.0,1.7516077706616173,1.7286737,0.0,0.06220650000000005,
Ce,Ni,7200,1.7504639909722255,1.7329240000000001,0.0,1.7516077706616173,1.7286737,0.0,0.00425030000000004,
Ce,Pd,7200,1.7057791021250084,1.6894349000000002,0.0,1.7516077706616173,1.7286737,0.0,-0.03923879999999991,
Ce,Ru,7200,1.8128649121944398,1.79373355,0.0,1.7516077706616173,1.7286737,0.0,0.06505984999999992,
Ce,Zn,7200,1.6650972848333363,1.65224955,0.0,1.7516077706616173,1.7286737,0.0,-0.07642415000000002,
La,Ag,7200,1.6941732906527716,1.68019465,0.0,1.7212747123939323,1.705467,0.0,-0.025272350000000054,
La,Co,7200,1.7310646191666688,1.71651245,0.0,1.7212747123939323,1.705467,0.0,0.011045449999999901,
La,Cu,7200,1.6700702158749943,1.6586218000000001,0.0,1.7212747123939323,1.705467,0.0,-0.04684519999999992,
La,Fe,7200,1.7589702045694457,1.7418871,0.0,1.7212747123939323,1.705467,0.0,0.036420099999999955,
La,In,7200,1.7226634199166613,1.7089968,0.0,1.7212747123939323,1.705467,0.0,0.0035297999999999163,
La,Mn,7200,1.759621914680553,1.74272155,0.0,1.7212747123939323,1.705467,0.0,0.037254549999999886,
La,Mo,7200,1.7753473441666716,1.75940545,0.0,1.7212747123939323,1.705467,0.0,0.05393844999999997,
La,Ni,7200,1.7057315134861126,1.6906272000000002,0.0,1.7212747123939323,1.705467,0.0,-0.014839799999999848,
La,Pd,7200,1.6888085992222188,1.68121945,0.0,1.7212747123939323,1.705467,0.0,-0.024247550000000118,
La,Ru,7200,1.7709539835555586,1.75298735,0.0,1.7212747123939323,1.705467,0.0,0.04752034999999988,
La,Zn,7200,1.6566167310416662,1.64948995,0.0,1.7212747123939323,1.705467,0.0,-0.055977050000000084,
Pt,Ag,7200,1.5137476464722235,1.52380365,0.0,1.557305668383841,1.56971795,0.0,-0.045914299999999963,
Pt,Co,7200,1.5727035057083327,1.5820924499999998,0.0,1.557305668383841,1.56971795,0.0,0.012374499999999733,
Pt,Cu,7200,1.5558636810555517,1.5730657,0.0,1.557305668383841,1.56971795,0.0,0.0033477499999998717,
Pt,Fe,7200,1.6082384839444426,1.6069917,0.0,1.557305668383841,1.56971795,0.0,0.037273749999999994,
Pt,In,7200,1.5216554789444436,1.52935285,0.0,1.557305668383841,1.56971795,0.0,-0.04036510000000004,
Pt,Mn,7200,1.6651632292083367,1.6543609999999997,0.0,1.557305668383841,1.56971795,0.0,0.08464304999999972,
Pt,Mo,7200,1.5273551253749968,1.54018175,0.0,1.557305668383841,1.56971795,0.0,-0.029536200000000123,
Pt,Ni,7200,1.550843483777777,1.57126825,0.0,1.557305668383841,1.56971795,0.0,0.0015502999999998934,
Pt,Pd,7200,1.515604516805547,1.52400905,0.0,1.557305668383841,1.56971795,0.0,-0.04570889999999994,
Pt,Ru,7200,1.505285763763888,1.5204388500000001,0.0,1.557305668383841,1.56971795,0.0,-0.04927909999999991,
Pt,Zn,7200,1.593901437166663,1.5870966,0.0,1.557305668383841,1.56971795,0.0,0.01737864999999994,
Ta,Ag,7200,1.5510026361527796,1.5592605000000002,0.0,1.5383923554762624,1.54864765,0.0,0.010612850000000229,
Ta,Co,7200,1.518684639680557,1.5301504499999998,0.0,1.5383923554762624,1.54864765,0.0,-0.018497200000000102,
Ta,Cu,7200,1.5592040443888922,1.5682146000000001,0.0,1.5383923554762624,1.54864765,0.0,0.019566950000000194,
Ta,Fe,7200,1.514038220963889,1.5282255,0.0,1.5383923554762624,1.54864765,0.0,-0.020422149999999917,
Ta,In,7200,1.4902753296013898,1.4939972000000001,0.0,1.5383923554762624,1.54864765,0.0,-0.054650449999999795,
Ta,Mn,7200,1.501537224754169,1.5105524000000001,0.0,1.5383923554762624,1.54864765,0.0,-0.0380952499999998,
Ta,Mo,7200,1.5746141360416672,1.5837488,0.0,1.5383923554762624,1.54864765,0.0,0.035101150000000025,
Ta,Ni,7200,1.557083118750002,1.5631393,0.0,1.5383923554762624,1.54864765,0.0,0.014491650000000078,
Ta,Pd,7200,1.5704823695680534,1.5764683499999999,0.0,1.5383923554762624,1.54864765,0.0,0.02782069999999992,
Ta,Ru,7200,1.5929340476111076,1.6020782,0.0,1.5383923554762624,1.54864765,0.0,0.05343055000000008,
Ta,Zn,7200,1.4924601427263893,1.5064225,0.0,1.5383923554762624,1.54864765,0.0,-0.042225149999999934,
