dopant,n_main_metal,total_count,mean_delta_median_vs_main,median_delta_median_vs_main,mean_top_rate_enrichment,median_top_rate_enrichment,favorable_main_fraction,CurrentDensity
Ag,24,151200,-0.012308495833333322,-0.01694595000000021,1.288454597475724,1.2549019607843137,0.6666666666666666,500
Pd,24,151200,-0.020987091666666634,-0.019636574999999934,1.2739771286434263,1.1520622825906908,0.75,500
Ru,24,151200,-0.0030819562500000452,-0.015630400000000044,1.0934778301789871,1.1052675169786317,0.625,500
Mo,24,151200,0.00036242916666665015,-0.008928574999999883,1.1043969731409553,1.0853900944177572,0.625,500
In,24,151200,-0.0041041749999999695,-0.005302649999999742,1.0985101876165275,1.0103626943005182,0.5416666666666666,500
Cu,24,151200,-0.008225977083333363,0.0004673499999999775,1.0349956904674233,1.0049623018925988,0.5,500
Ni,24,151200,-0.004508481249999983,0.000643750000000165,0.980107817465534,0.9549445088620175,0.5,500
Co,24,151200,0.004752443749999983,0.00744189999999989,0.9392638912392369,0.8692231240682459,0.3333333333333333,500
Mn,24,151200,0.033997531250000046,0.030508900000000172,0.6863858034398461,0.7354208339744576,0.20833333333333334,500
Fe,24,151200,0.01941818124999999,0.0275370749999998,0.757139494631918,0.674911524849977,0.16666666666666666,500
Zn,24,151200,-0.007751208333333305,0.007433300000000087,0.7432905857004214,0.5764248704663212,0.4166666666666667,500
