dopant,n_current_density,n_favorable_current_density,mean_delta_median_vs_main,median_delta_median_vs_main,max_delta_median_vs_main,mean_top_rate_enrichment,median_top_rate_enrichment,min_top_rate_enrichment,mean_favorable_main_fraction,median_favorable_main_fraction,min_favorable_main_fraction,total_count,favorable_all_current_densities
Pd,6,6,-0.022404279166666725,-0.02281576250000006,-0.019636574999999934,1.4416032182517382,1.536759467309695,1.1520622825906908,0.6944444444444443,0.7083333333333333,0.5833333333333334,907200,True
Mo,6,6,-0.01863628541666661,-0.014833162499999997,-0.008928574999999883,1.2047401801097128,1.1956406077955153,1.0853900944177572,0.6180555555555556,0.625,0.5833333333333334,907200,True
Ag,6,6,-0.021735104166666703,-0.02171002500000002,-0.012212899999999971,1.191507860084964,1.1928996994126058,1.1144578313253013,0.701388888888889,0.7083333333333334,0.6666666666666666,907200,True
Ru,6,6,-0.015413270833333326,-0.015007812499999995,-0.011826274999999997,1.1737373538927454,1.1742361267970556,1.1052675169786317,0.6041666666666666,0.6041666666666667,0.5416666666666666,907200,True
In,6,6,-0.008959452499999984,-0.008993007499999983,-0.005302649999999742,1.1192984054204116,1.0516672982190225,1.0103626943005182,0.611111111111111,0.6041666666666667,0.5416666666666666,907200,True
Cu,6,0,-0.004401129166666601,-0.004699624999999985,0.0004673499999999775,0.9318025258835538,0.9243180588692226,0.8714831336190559,0.548611111111111,0.5416666666666666,0.5,907200,False
Ni,6,0,-0.003863570833333311,-0.0032879000000000658,0.000643750000000165,0.9054550933100415,0.9109315876427848,0.8148018949462545,0.5902777777777778,0.6041666666666667,0.5,907200,False
Co,6,0,0.009776966666666664,0.009723862500000013,0.012401650000000042,0.7665156312993416,0.745877437899276,0.7101167315175098,0.3194444444444444,0.3333333333333333,0.2916666666666667,907200,False
Fe,6,0,0.02817647916666662,0.028323212500000083,0.029987549999999863,0.6347008622117868,0.6453813165864273,0.4564777327935223,0.16666666666666666,0.16666666666666666,0.125,907200,False
Zn,6,0,0.006067458333333349,0.004842249999999992,0.01290937499999989,0.5921616353890296,0.5487200342411895,0.4584040747028863,0.4583333333333333,0.4583333333333333,0.4166666666666667,907200,False
Mn,6,0,0.0396969829166667,0.04118327375000003,0.04559344999999981,0.5801350992574336,0.5489394979708633,0.45599596909640583,0.2152777777777778,0.20833333333333334,0.20833333333333334,907200,False
